[{"pk": 1, "model": "semanticizer.datasetformat", "fields": {"configuration_requirements": "{'separator':','}", "geographic": false, "name": "csv", "module": "comsepval", "is_api": false}}, {"pk": 2, "model": "semanticizer.datasetformat", "fields": {"configuration_requirements": " ", "geographic": true, "name": "zip_ogr", "module": "zip_ogr", "is_api": false}}, {"pk": 1, "model": "semanticizer.dataset", "fields": {"refresh_period": " ", "format_configuration": " ", "file": "http://data.cityofchicago.org/api/views/cs4s-nsna/rows.csv", "format": 1}}, {"pk": 3, "model": "semanticizer.dataset", "fields": {"refresh_period": "  ", "format_configuration": "  ", "file": "https://data.cityofchicago.org/download/i65m-w5fr/application/zip", "format": 2}}, {"pk": 2, "model": "semanticizer.dataset", "fields": {"refresh_period": " ", "format_configuration": " ", "file": "http://data.cityofchicago.org/api/views/cbyb-69xx/rows.csv", "format": 1}}, {"pk": 1, "model": "semanticizer.datasetcolumn", "fields": {"name": "SITE NAME", "dataset": 1}}, {"pk": 2, "model": "semanticizer.datasetcolumn", "fields": {"name": "HOURS OF OPERATION", "dataset": 1}}, {"pk": 3, "model": "semanticizer.datasetcolumn", "fields": {"name": "ADDRESS", "dataset": 1}}, {"pk": 4, "model": "semanticizer.datasetcolumn", "fields": {"name": "CITY", "dataset": 1}}, {"pk": 5, "model": "semanticizer.datasetcolumn", "fields": {"name": "STATE", "dataset": 1}}, {"pk": 6, "model": "semanticizer.datasetcolumn", "fields": {"name": "ZIP", "dataset": 1}}, {"pk": 7, "model": "semanticizer.datasetcolumn", "fields": {"name": "PHONE", "dataset": 1}}, {"pk": 8, "model": "semanticizer.datasetcolumn", "fields": {"name": "LOCATION", "dataset": 1}}, {"pk": 29, "model": "semanticizer.datasetcolumn", "fields": {"name": "AREA", "dataset": 3}}, {"pk": 30, "model": "semanticizer.datasetcolumn", "fields": {"name": "PERIMETER", "dataset": 3}}, {"pk": 31, "model": "semanticizer.datasetcolumn", "fields": {"name": "COMAREA_", "dataset": 3}}, {"pk": 32, "model": "semanticizer.datasetcolumn", "fields": {"name": "COMAREA_ID", "dataset": 3}}, {"pk": 33, "model": "semanticizer.datasetcolumn", "fields": {"name": "AREA_NUMBE", "dataset": 3}}, {"pk": 34, "model": "semanticizer.datasetcolumn", "fields": {"name": "COMMUNITY", "dataset": 3}}, {"pk": 35, "model": "semanticizer.datasetcolumn", "fields": {"name": "AREA_NUM_1", "dataset": 3}}, {"pk": 36, "model": "semanticizer.datasetcolumn", "fields": {"name": "SHAPE_AREA", "dataset": 3}}, {"pk": 37, "model": "semanticizer.datasetcolumn", "fields": {"name": "SHAPE_LEN", "dataset": 3}}, {"pk": 50, "model": "semanticizer.datasetcolumn", "fields": {"name": "RackID", "dataset": 2}}, {"pk": 51, "model": "semanticizer.datasetcolumn", "fields": {"name": "Address", "dataset": 2}}, {"pk": 52, "model": "semanticizer.datasetcolumn", "fields": {"name": "Ward", "dataset": 2}}, {"pk": 53, "model": "semanticizer.datasetcolumn", "fields": {"name": "Community Area", "dataset": 2}}, {"pk": 54, "model": "semanticizer.datasetcolumn", "fields": {"name": "Community Name", "dataset": 2}}, {"pk": 55, "model": "semanticizer.datasetcolumn", "fields": {"name": "TotInstall", "dataset": 2}}, {"pk": 56, "model": "semanticizer.datasetcolumn", "fields": {"name": "Latitude", "dataset": 2}}, {"pk": 57, "model": "semanticizer.datasetcolumn", "fields": {"name": "Longitude", "dataset": 2}}, {"pk": 58, "model": "semanticizer.datasetcolumn", "fields": {"name": "Historical", "dataset": 2}}, {"pk": 59, "model": "semanticizer.datasetcolumn", "fields": {"name": "F12", "dataset": 2}}, {"pk": 60, "model": "semanticizer.datasetcolumn", "fields": {"name": "F13", "dataset": 2}}, {"pk": 61, "model": "semanticizer.datasetcolumn", "fields": {"name": "LOCATION", "dataset": 2}}, {"pk": 3, "model": "semanticizer.semantics", "fields": {"data_model": 37, "dataset": 3}}, {"pk": 1, "model": "semanticizer.semantics", "fields": {"data_model": 32, "dataset": 1}}, {"pk": 2, "model": "semanticizer.semantics", "fields": {"data_model": 36, "dataset": 2}}, {"pk": 1, "model": "semanticizer.semanticsspecification", "fields": {"column": "PHONE", "attribute": 15, "data_transformation": "prepend(+1)", "via": null, "semantics": 1}}, {"pk": 7, "model": "semanticizer.semanticsspecification", "fields": {"column": "SITE NAME", "attribute": 1, "data_transformation": " ", "via": null, "semantics": 1}}, {"pk": 8, "model": "semanticizer.semanticsspecification", "fields": {"column": "HOURS OF OPERATION", "attribute": 26, "data_transformation": " ", "via": null, "semantics": 1}}, {"pk": 9, "model": "semanticizer.semanticsspecification", "fields": {"column": "RackID", "attribute": 1, "data_transformation": " ", "via": null, "semantics": 2}}, {"pk": 11, "model": "semanticizer.semanticsspecification", "fields": {"column": "Ward", "attribute": 28, "data_transformation": " ", "via": null, "semantics": 2}}, {"pk": 12, "model": "semanticizer.semanticsspecification", "fields": {"column": "Community Area", "attribute": 29, "data_transformation": " ", "via": null, "semantics": 2}}, {"pk": 13, "model": "semanticizer.semanticsspecification", "fields": {"column": "TotInstalled", "attribute": 30, "data_transformation": " ", "via": null, "semantics": 2}}, {"pk": 14, "model": "semanticizer.semanticsspecification", "fields": {"column": "AREA_NUMBE", "attribute": 31, "data_transformation": " ", "via": null, "semantics": 3}}, {"pk": 15, "model": "semanticizer.semanticsspecification", "fields": {"column": "COMMUNITY", "attribute": 1, "data_transformation": " ", "via": null, "semantics": 3}}, {"pk": 4, "model": "semanticizer.semanticsspecification", "fields": {"column": "ADDRESS", "attribute": 22, "data_transformation": " ", "via": 3, "semantics": 1}}, {"pk": 5, "model": "semanticizer.semanticsspecification", "fields": {"column": "ZIP", "attribute": 24, "data_transformation": " ", "via": 3, "semantics": 1}}, {"pk": 6, "model": "semanticizer.semanticsspecification", "fields": {"column": "STATE", "attribute": 25, "data_transformation": " ", "via": 3, "semantics": 1}}, {"pk": 3, "model": "semanticizer.semanticsspecification", "fields": {"column": "CITY", "attribute": 21, "data_transformation": " ", "via": 3, "semantics": 1}}, {"pk": 10, "model": "semanticizer.semanticsspecification", "fields": {"column": "Address", "attribute": 22, "data_transformation": " ", "via": 4, "semantics": 2}}, {"pk": 1, "model": "semanticizer.semanticsspecificationpath", "fields": {"attribute": 20, "next": null}}, {"pk": 3, "model": "semanticizer.semanticsspecificationpath", "fields": {"attribute": 17, "next": 1}}, {"pk": 4, "model": "semanticizer.semanticsspecificationpath", "fields": {"attribute": 27, "next": null}}, {"pk": 1, "model": "semanticizer.geosemanticsspecification", "fields": {"column": "LOCATION", "data_transformation": "replace(\"(\",\"\").replace(\")\",\"\").split(\" \").get(-1,-2)", "is_geo_y": true, "semantics": 1, "is_geo_x": true}}, {"pk": 2, "model": "semanticizer.geosemanticsspecification", "fields": {"column": "Latitude", "data_transformation": " ", "is_geo_y": false, "semantics": 2, "is_geo_x": true}}, {"pk": 3, "model": "semanticizer.geosemanticsspecification", "fields": {"column": "Longitude", "data_transformation": " ", "is_geo_y": true, "semantics": 2, "is_geo_x": false}}]